"centroidCalcX","centroidCalcY","centroidBottomX","centroidBottomY","centroidBottomZ","nstar_X","nstar_Y","coapt_line_length","rotation","rotationDeg","centroidCalcRotatedX","centroidCalcRotatedY","centroidBottomRotatedX","centroidBottomRotatedY","radial","polar","azimuthal","radialScaled"
-0.114630695703786,-0.383806480141907,-0.5196,-2.4837,-15.7255,3.24005,6.646,15.8702521461432,2.97821404614343,170.639095330599,0.175531379163765,0.360050476357581,0.916661303535598,2.36611113530206,15.8702521461432,-82.2555804087385,-110.276519818851,6.99746366210147
7.42478644314786,8.46177899039555,9.3123,5.1938,-8.726,5.2189,7.57995,9.50712733211075,0.117240404006318,6.71738033797068,6.38402561404428,9.2721828264912,8.64084384356391,6.24742406125466,9.50712733211075,-66.6119896329494,126.727175737264,5.95570210224682
15.5229059360193,8.66851652169255,20.6101,6.4814,-10.0991,7.7524,12.05815,11.517588416594,0.490120597975338,28.0818417164151,9.61493818946312,14.9551580064593,15.132794279915,15.4202239040739,11.517588416594,-61.2636765444749,-175.182280230724,5.70597961621978
9.67907864190681,5.28982091507166,10.5043,4.266,-9.4107,5.06255,8.4524,9.50212997416849,0.530982183376747,30.4230381041292,5.66770521334473,9.46276314214675,6.89774492789292,8.99778802816156,9.50212997416849,-82.0453642988351,159.292588576481,5.06957064883213
8.69270562239755,6.33868399669077,9.0488,5.5127,-7.3377,10.4499,0,7.3926243011903,0.63005289716116,36.0993718773246,3.28900098051157,10.2432669787407,4.06338338103175,9.78568128587657,7.3926243011903,-83.0114055987295,149.420987413107,5.25102715294773
